{
  "project_info": {
    "project_number": "1080406933147",
    "project_id": "itismob-bb671",
    "storage_bucket": "itismob-bb671.firebasestorage.app"
  },
  "client": [
    {
      "client_info": {
        "mobilesdk_app_id": "1:1080406933147:android:e5f07a66f04170b942d03e",
        "android_client_info": {
          "package_name": "com.itismob.s15.group6.mco2.animohealth"
        }
      },
      "oauth_client": [],
      "api_key": [
        {
          "current_key": "AIzaSyDo3tMbh6-IwQdFpNYXmPorP24vMHG3Y-4"
        }
      ],
      "services": {
        "appinvite_service": {
          "other_platform_oauth_client": []
        }
      }
    }
  ],
  "configuration_version": "1"
}